{"0de658d4db6d8b4b90cbf3012b87b469":{"statistic":{"failed":0,"broken":0,"skipped":0,"passed":1,"unknown":0,"total":1},"items":[{"uid":"9c66f4585a7baa19","status":"passed","time":{"start":1740307985911,"stop":1740307987295,"duration":1384}}]},"11f54776e2a20509169220350df3572d":{"statistic":{"failed":1,"broken":0,"skipped":0,"passed":0,"unknown":0,"total":1},"items":[{"uid":"36b4fe278036908e","status":"failed","statusDetails":"AssertionError","time":{"start":1740308035703,"stop":1740308037091,"duration":1388}}]},"a10ffb0a77dd77faa01b1f4eaf0b7a5d":{"statistic":{"failed":0,"broken":0,"skipped":0,"passed":1,"unknown":0,"total":1},"items":[{"uid":"38dc4e0c62cb5642","status":"passed","time":{"start":1740308031244,"stop":1740308031535,"duration":291}}]},"4c3ba59529d30a9fb6cddabf9ce5e66b":{"statistic":{"failed":0,"broken":0,"skipped":0,"passed":1,"unknown":0,"total":1},"items":[{"uid":"f96a46737bd8b5be","status":"passed","time":{"start":1740307984360,"stop":1740307985908,"duration":1548}}]},"2557a30414fb7d009e68585ea244292a":{"statistic":{"failed":0,"broken":0,"skipped":0,"passed":1,"unknown":0,"total":1},"items":[{"uid":"f29f4da6bc89170e","status":"passed","time":{"start":1740308032196,"stop":1740308032386,"duration":190}}]},"b3adfe118dac948d0bc839e866e68d68":{"statistic":{"failed":0,"broken":0,"skipped":0,"passed":1,"unknown":0,"total":1},"items":[{"uid":"cbaaa8e52e11af44","status":"passed","time":{"start":1740307989232,"stop":1740307989497,"duration":265}}]},"93d670357fcbd4912b05920869637701":{"statistic":{"failed":0,"broken":0,"skipped":0,"passed":1,"unknown":0,"total":1},"items":[{"uid":"b9f5407a1f72a1ff","status":"passed","time":{"start":1740308029594,"stop":1740308031241,"duration":1647}}]},"602287c91bda7567f621457825a58b3e":{"statistic":{"failed":0,"broken":0,"skipped":0,"passed":1,"unknown":0,"total":1},"items":[{"uid":"bfc9e3422532add1","status":"passed","time":{"start":1740308041479,"stop":1740308044030,"duration":2551}}]},"1760ac99e4bdaf384090677cf8f60af7":{"statistic":{"failed":0,"broken":0,"skipped":0,"passed":1,"unknown":0,"total":1},"items":[{"uid":"3e10ba14f754e3b","status":"passed","time":{"start":1740307999534,"stop":1740308023449,"duration":23915}}]},"c0a83e1bd85abe1aa5f3b4821069c582":{"statistic":{"failed":0,"broken":0,"skipped":0,"passed":1,"unknown":0,"total":1},"items":[{"uid":"f16c1db9fd0e78d4","status":"passed","time":{"start":1740308038711,"stop":1740308041303,"duration":2592}}]},"50b3e7deed889a54aedfb4a603ce924f":{"statistic":{"failed":0,"broken":0,"skipped":0,"passed":1,"unknown":0,"total":1},"items":[{"uid":"c0ea4f53662b09ab","status":"passed","time":{"start":1740307996416,"stop":1740307999531,"duration":3115}}]},"75204f819ad646f29ff97a8e97aa83af":{"statistic":{"failed":0,"broken":0,"skipped":0,"passed":1,"unknown":0,"total":1},"items":[{"uid":"66ade5ce3471e458","status":"passed","time":{"start":1740307988735,"stop":1740307988960,"duration":225}}]},"60bf45a3c55e47d5665490b1abdef305":{"statistic":{"failed":0,"broken":0,"skipped":0,"passed":1,"unknown":0,"total":1},"items":[{"uid":"5b58b482cb555131","status":"passed","time":{"start":1740308023452,"stop":1740308024745,"duration":1293}}]},"1668453025a2e2def788ff62976aea22":{"statistic":{"failed":0,"broken":0,"skipped":0,"passed":1,"unknown":0,"total":1},"items":[{"uid":"542ebdc14e8b68df","status":"passed","time":{"start":1740308046347,"stop":1740308047645,"duration":1298}}]},"0e865d0b637c77bf4e6da10fa6de9cf5":{"statistic":{"failed":0,"broken":1,"skipped":0,"passed":0,"unknown":0,"total":1},"items":[{"uid":"742e327f35a3f49e","status":"broken","statusDetails":"TypeError: 'in <string>' requires string as left operand, not NoneType","time":{"start":1740308037098,"stop":1740308037351,"duration":253}}]},"64be92ce7b4d1c4c286565c0a7db11f3":{"statistic":{"failed":1,"broken":0,"skipped":0,"passed":0,"unknown":0,"total":1},"items":[{"uid":"2f4b503ada56e9f4","status":"failed","statusDetails":"AssertionError","time":{"start":1740308041305,"stop":1740308041473,"duration":168}}]},"c001b5ec6d288f655232b932b175152e":{"statistic":{"failed":0,"broken":0,"skipped":0,"passed":1,"unknown":0,"total":1},"items":[{"uid":"185b66e2ef1d034a","status":"passed","time":{"start":1740307990145,"stop":1740307993240,"duration":3095}}]},"8d83133284bca54d4c212f23d30a63a9":{"statistic":{"failed":0,"broken":0,"skipped":0,"passed":1,"unknown":0,"total":1},"items":[{"uid":"d2f2733f4a77041","status":"passed","time":{"start":1740307993243,"stop":1740307996413,"duration":3170}}]},"c2e768fa8c3b5099f190beee113b9e30":{"statistic":{"failed":0,"broken":0,"skipped":0,"passed":1,"unknown":0,"total":1},"items":[{"uid":"fff774057a509171","status":"passed","time":{"start":1740308045949,"stop":1740308046155,"duration":206}}]},"b3ee58ce81bf3118fa79f044a247f5d1":{"statistic":{"failed":0,"broken":0,"skipped":0,"passed":1,"unknown":0,"total":1},"items":[{"uid":"2fa7674a6867ad91","status":"passed","time":{"start":1740308026295,"stop":1740308027950,"duration":1655}}]},"bdb55fc7863223268e9508a106a09831":{"statistic":{"failed":0,"broken":0,"skipped":0,"passed":1,"unknown":0,"total":1},"items":[{"uid":"b33df18492fbbe18","status":"passed","time":{"start":1740308031948,"stop":1740308032193,"duration":245}}]},"94b6b46b2f8e3e6d90dea25eefc472fa":{"statistic":{"failed":0,"broken":1,"skipped":0,"passed":0,"unknown":0,"total":1},"items":[{"uid":"e2d5f55e8811beb7","status":"broken","statusDetails":"TypeError: 'in <string>' requires string as left operand, not NoneType","time":{"start":1740308037358,"stop":1740308038704,"duration":1346}}]},"ac7daa396a8d6c555f9fc4383bf2da21":{"statistic":{"failed":0,"broken":0,"skipped":0,"passed":1,"unknown":0,"total":1},"items":[{"uid":"f77dafe7da751c16","status":"passed","time":{"start":1740308046158,"stop":1740308046343,"duration":185}}]},"b805e038dd5a1bb9544ee1ea815fba24":{"statistic":{"failed":1,"broken":0,"skipped":0,"passed":0,"unknown":0,"total":1},"items":[{"uid":"2fe57bf75b90125d","status":"failed","statusDetails":"AssertionError","time":{"start":1740308047648,"stop":1740308047919,"duration":271}}]},"500ef8282ce0703ce647ef14f01904c0":{"statistic":{"failed":0,"broken":0,"skipped":0,"passed":1,"unknown":0,"total":1},"items":[{"uid":"36199bbdd7a010e9","status":"passed","time":{"start":1740307989500,"stop":1740307989960,"duration":460}}]},"c4c7d13f4308fa7ddf1a8e75893b0704":{"statistic":{"failed":0,"broken":0,"skipped":0,"passed":1,"unknown":0,"total":1},"items":[{"uid":"54c299c457632e18","status":"passed","time":{"start":1740308031538,"stop":1740308031946,"duration":408}}]},"7230ea6d4d81d7999f4711e26b730351":{"statistic":{"failed":0,"broken":0,"skipped":0,"passed":1,"unknown":0,"total":1},"items":[{"uid":"830922c71fa0fb59","status":"passed","time":{"start":1740307987298,"stop":1740307988732,"duration":1434}}]},"a952beecaed6b37bd166aa2410a322e0":{"statistic":{"failed":0,"broken":0,"skipped":0,"passed":1,"unknown":0,"total":1},"items":[{"uid":"eebf47a943828222","status":"passed","time":{"start":1740308024749,"stop":1740308026292,"duration":1543}}]},"67627e5a7968c22df12a00421ca03123":{"statistic":{"failed":0,"broken":0,"skipped":0,"passed":1,"unknown":0,"total":1},"items":[{"uid":"108ffaadeab92932","status":"passed","time":{"start":1740308027953,"stop":1740308029591,"duration":1638}}]},"cfda87e17aa5466f2ab767d2fd716ddb":{"statistic":{"failed":1,"broken":0,"skipped":0,"passed":0,"unknown":0,"total":1},"items":[{"uid":"37c9d4ade15d72ea","status":"failed","statusDetails":"AssertionError","time":{"start":1740308044639,"stop":1740308045942,"duration":1303}}]},"48b0024683e5c190e0fab565da357f3d":{"statistic":{"failed":1,"broken":0,"skipped":0,"passed":0,"unknown":0,"total":1},"items":[{"uid":"53bb6cb883b4e04f","status":"failed","statusDetails":"AssertionError","time":{"start":1740307988963,"stop":1740307989146,"duration":183}}]},"9fad8b6539726b32b78c272836bc1a50":{"statistic":{"failed":0,"broken":0,"skipped":0,"passed":1,"unknown":0,"total":1},"items":[{"uid":"3d51ed06aede94ed","status":"passed","time":{"start":1740307989962,"stop":1740307990142,"duration":180}}]},"afca8f17da6a68287dd3af0d947ec505":{"statistic":{"failed":0,"broken":0,"skipped":0,"passed":1,"unknown":0,"total":1},"items":[{"uid":"d88932e2b15eaf05","status":"passed","time":{"start":1740308032389,"stop":1740308035690,"duration":3301}}]},"9c41645bbde3476eda55de366cdbf83e":{"statistic":{"failed":1,"broken":0,"skipped":0,"passed":0,"unknown":0,"total":1},"items":[{"uid":"8c3e2e71f3354138","status":"failed","statusDetails":"AssertionError","time":{"start":1740308044441,"stop":1740308044633,"duration":192}}]},"8216851e73d01570a4b69d93e676c24c":{"statistic":{"failed":0,"broken":1,"skipped":0,"passed":0,"unknown":0,"total":1},"items":[{"uid":"9c27a28d87937910","status":"broken","statusDetails":"NameError: name 'false' is not defined","time":{"start":1740308047925,"stop":1740308047927,"duration":2}}]},"6c7531bd3885d8d33068bfbe5d33dbd6":{"statistic":{"failed":0,"broken":1,"skipped":0,"passed":0,"unknown":0,"total":1},"items":[{"uid":"6fa23a71789a869","status":"broken","statusDetails":"  File \"<string>\", line 1\n    {\"lang\":\"zh_CN\",\"searchKey=\"}\n                               ^\nSyntaxError: ':' expected after dictionary key","time":{"start":1740308035693,"stop":1740308035696,"duration":3}}]},"6092261629d2468c1b44d4aaeeda43ff":{"statistic":{"failed":0,"broken":0,"skipped":0,"passed":1,"unknown":0,"total":1},"items":[{"uid":"c33c4fa1d2689e09","status":"passed","time":{"start":1740308044033,"stop":1740308044438,"duration":405}}]}}