{"uid":"4b4757e66a1912dae1a509f688f20b0f","name":"categories","children":[{"name":"Product defects","children":[{"name":"AssertionError","children":[{"name":"查询往期AI收益","uid":"53bb6cb883b4e04f","parentUid":"a0017ad855102fea08b8682d27fec4ca","status":"failed","time":{"start":1740307988963,"stop":1740307989146,"duration":183},"flaky":false,"newFailed":false,"newPassed":false,"newBroken":false,"retriesCount":0,"retriesStatusChange":false,"parameters":["{'id': 5, 'feature': 'AI收益', 'story': '查询成功', 'title': '查询往期AI收益', 'method': 'get', 'path': 'prod-api/system/aiuEarnMoney/getAiEarnMoneyList', 'headers': '{\"Authorization\":\"{{TOKEN}}\"}', 'params': '{\"lang\":\"zh_CN\"}', 'data': None, 'json': None, 'files': None, 'check': None, 'expected': '[]', 'sql_check': None, 'sql_expected': None, 'jsonExData': None, 'sqlExData': None, 'is_true': True, None: None}"],"tags":[]},{"name":"AIUX兑换AIU正常输入","uid":"36b4fe278036908e","parentUid":"a0017ad855102fea08b8682d27fec4ca","status":"failed","time":{"start":1740308035703,"stop":1740308037091,"duration":1388},"flaky":false,"newFailed":false,"newPassed":false,"newBroken":false,"retriesCount":0,"retriesStatusChange":false,"parameters":["{'id': 25, 'feature': '资金管理', 'story': '兑换成功', 'title': 'AIUX兑换AIU正常输入', 'method': 'post', 'path': 'prod-api/system/fundsOper/exchange', 'headers': '{\"Authorization\":\"{{TOKEN}}\"}', 'params': '{\"lang\":\"zh_CN\"}', 'data': None, 'json': '{\"exchangeAmount\":\"100\"}', 'files': None, 'check': '$.msg', 'expected': 'succeeds', 'sql_check': None, 'sql_expected': None, 'jsonExData': None, 'sqlExData': None, 'is_true': True, None: None}"],"tags":[]},{"name":"AIU下级转上级","uid":"2f4b503ada56e9f4","parentUid":"a0017ad855102fea08b8682d27fec4ca","status":"failed","time":{"start":1740308041305,"stop":1740308041473,"duration":168},"flaky":false,"newFailed":false,"newPassed":false,"newBroken":false,"retriesCount":0,"retriesStatusChange":false,"parameters":["{'id': 29, 'feature': '资金管理', 'story': '转账成功', 'title': 'AIU下级转上级', 'method': 'post', 'path': 'prod-api/system/fundsOper/transfer', 'headers': '{\"Authorization\":\"{{TOKEN}}\"}', 'params': '{\"lang\":\"zh_CN\"}', 'data': None, 'json': '{\"coinType\":\"AIU\",\"myEmail\":\"loong@qq.com\",\"email\":\"loongjjxs@qq.com\",\"validateCode\":\"tU.llmBfMv;YJRVi!&pd7TDyh8bYEU=T\",\"transferAmount\":\"100\",\"googleCode\":\"\"}', 'files': None, 'check': '$.msg', 'expected': 'succeeds', 'sql_check': None, 'sql_expected': None, 'jsonExData': None, 'sqlExData': None, 'is_true': True, None: None}"],"tags":[]},{"name":"AIU上级转账下级输入特殊字符","uid":"8c3e2e71f3354138","parentUid":"a0017ad855102fea08b8682d27fec4ca","status":"failed","time":{"start":1740308044441,"stop":1740308044633,"duration":192},"flaky":false,"newFailed":false,"newPassed":false,"newBroken":false,"retriesCount":0,"retriesStatusChange":false,"parameters":["{'id': 32, 'feature': '资金管理', 'story': '转账失败', 'title': 'AIU上级转账下级输入特殊字符', 'method': 'post', 'path': 'prod-api/system/fundsOper/transfer', 'headers': '{\"Authorization\":\"{{TOKEN}}\"}', 'params': '{\"lang\":\"zh_CN\"}', 'data': None, 'json': '{\"coinType\":\"AIU\",\"myEmail\":\"loongjjxs@qq.com\",\"email\":\"loong@qq.com\",\"validateCode\":\"tU.llmBfMv;YJRVi!&pd7TDyh8bYEU=T\",\"transferAmount\":\"10sd\",\"googleCode\":\"\"}', 'files': None, 'check': '$.msg', 'expected': '转账金额非法', 'sql_check': None, 'sql_expected': None, 'jsonExData': None, 'sqlExData': None, 'is_true': True, None: None}"],"tags":[]},{"name":"提现50U","uid":"37c9d4ade15d72ea","parentUid":"a0017ad855102fea08b8682d27fec4ca","status":"failed","time":{"start":1740308044639,"stop":1740308045942,"duration":1303},"flaky":false,"newFailed":false,"newPassed":false,"newBroken":false,"retriesCount":0,"retriesStatusChange":false,"parameters":["{'id': 33, 'feature': '资金管理', 'story': '提现成功', 'title': '提现50U', 'method': 'post', 'path': 'prod-api/system/aiurecharg/transfer', 'headers': '{\"Authorization\":\"{{TOKEN}}\"}', 'params': '{\"lang\":\"zh_CN\"}', 'data': None, 'json': '{\"address\":\"123456\",\"amount\":\"50\",\"coin\": \"bnb_bsc\",\"googleCode\": 0,\"userId\": \"84449\"}', 'files': None, 'check': '$.msg', 'expected': 'succeeds', 'sql_check': None, 'sql_expected': None, 'jsonExData': None, 'sqlExData': None, 'is_true': True, None: None}"],"tags":[]},{"name":"提现输入特殊符号","uid":"2fe57bf75b90125d","parentUid":"a0017ad855102fea08b8682d27fec4ca","status":"failed","time":{"start":1740308047648,"stop":1740308047919,"duration":271},"flaky":false,"newFailed":false,"newPassed":false,"newBroken":false,"retriesCount":0,"retriesStatusChange":false,"parameters":["{'id': 37, 'feature': '资金管理', 'story': '提现失败', 'title': '提现输入特殊符号', 'method': 'post', 'path': 'prod-api/system/aiurecharg/transfer', 'headers': '{\"Authorization\":\"{{TOKEN}}\"}', 'params': '{\"lang\":\"zh_CN\"}', 'data': None, 'json': '{\"address\":\"123456\",\"amount\":\"100%%-\",\"coin\": \"bnb_bsc\",\"googleCode\": 0,\"userId\": \"84449\"}', 'files': None, 'check': '$.msg', 'expected': '请输入正数', 'sql_check': None, 'sql_expected': None, 'jsonExData': None, 'sqlExData': None, 'is_true': True, None: None}"],"tags":[]}],"uid":"a0017ad855102fea08b8682d27fec4ca"}],"uid":"8fb3a91ba5aaf9de24cc8a92edc82b5d"},{"name":"Test defects","children":[{"name":"  File \"<string>\", line 1\n    {\"lang\":\"zh_CN\",\"searchKey=\"}\n                               ^\nSyntaxError: ':' expected after dictionary key","children":[{"name":"查询本人业绩和下级业绩","uid":"6fa23a71789a869","parentUid":"52b1cf27ce505244f1f24e4bf7c87e4a","status":"broken","time":{"start":1740308035693,"stop":1740308035696,"duration":3},"flaky":false,"newFailed":false,"newPassed":false,"newBroken":false,"retriesCount":0,"retriesStatusChange":false,"parameters":["{'id': 24, 'feature': '_x0010__x0010_用户管理', 'story': '查询成功', 'title': '查询本人业绩和下级业绩', 'method': 'get', 'path': 'prod-api/system/account/app/recommend/list', 'headers': '{\"Authorization\":\"{{TOKEN}}\"}', 'params': '{\"lang\":\"zh_CN\",\"searchKey=\"}', 'data': None, 'json': None, 'files': None, 'check': None, 'expected': None, 'sql_check': None, 'sql_expected': None, 'jsonExData': None, 'sqlExData': None, 'is_true': True, None: None}"],"tags":[]}],"uid":"52b1cf27ce505244f1f24e4bf7c87e4a"},{"name":"TypeError: 'in <string>' requires string as left operand, not NoneType","children":[{"name":"AIUX兑换AIU输入中文","uid":"742e327f35a3f49e","parentUid":"270f333dd0b11a5dfa6113d1554b21f8","status":"broken","time":{"start":1740308037098,"stop":1740308037351,"duration":253},"flaky":false,"newFailed":false,"newPassed":false,"newBroken":false,"retriesCount":0,"retriesStatusChange":false,"parameters":["{'id': 26, 'feature': '资金管理', 'story': '兑换失败', 'title': 'AIUX兑换AIU输入中文', 'method': 'post', 'path': 'prod-api/system/fundsOper/exchange', 'headers': '{\"Authorization\":\"{{TOKEN}}\"}', 'params': '{\"lang\":\"zh_CN\"}', 'data': None, 'json': '{\"exchangeAmount\":\"测试\"}', 'files': None, 'check': None, 'expected': None, 'sql_check': None, 'sql_expected': None, 'jsonExData': None, 'sqlExData': None, 'is_true': True, None: None}"],"tags":[]},{"name":"AIUX兑换AIU输入负数","uid":"e2d5f55e8811beb7","parentUid":"270f333dd0b11a5dfa6113d1554b21f8","status":"broken","time":{"start":1740308037358,"stop":1740308038704,"duration":1346},"flaky":false,"newFailed":false,"newPassed":false,"newBroken":false,"retriesCount":0,"retriesStatusChange":false,"parameters":["{'id': 27, 'feature': '资金管理', 'story': '兑换失败', 'title': 'AIUX兑换AIU输入负数', 'method': 'post', 'path': 'prod-api/system/fundsOper/exchange', 'headers': '{\"Authorization\":\"{{TOKEN}}\"}', 'params': '{\"lang\":\"zh_CN\"}', 'data': None, 'json': '{\"exchangeAmount\":\"-100\"}', 'files': None, 'check': None, 'expected': None, 'sql_check': None, 'sql_expected': None, 'jsonExData': None, 'sqlExData': None, 'is_true': True, None: None}"],"tags":[]}],"uid":"270f333dd0b11a5dfa6113d1554b21f8"},{"name":"NameError: name 'false' is not defined","children":[{"name":"下单300套餐","uid":"9c27a28d87937910","parentUid":"f04953fc2164b732c021c814e5e9920d","status":"broken","time":{"start":1740308047925,"stop":1740308047927,"duration":2},"flaky":false,"newFailed":false,"newPassed":false,"newBroken":false,"retriesCount":0,"retriesStatusChange":false,"parameters":["{'id': 38, 'feature': '套餐管理', 'story': '下单成功', 'title': '下单300套餐', 'method': 'post', 'path': 'prod-api/system/order/place', 'headers': '{\"Authorization\":\"{{TOKEN}}\"}', 'params': '{\"lang\":\"zh_CN\"}', 'data': None, 'json': '{\"aisPay\":false,\"aiuPay\":false,\"packageId\":2,\"rechargeAmount\":300,\\n\"couponRecordIds\":[]}', 'files': None, 'check': None, 'expected': 'orderId', 'sql_check': None, 'sql_expected': None, 'jsonExData': None, 'sqlExData': None, 'is_true': True, None: None}"],"tags":[]}],"uid":"f04953fc2164b732c021c814e5e9920d"}],"uid":"bdbf199525818fae7a8651db9eafe741"}]}