{"uid":"83edc06c07f9ae9e47eb6dd1b683e4e2","name":"packages","children":[{"name":"testcase.test_runner","children":[{"name":"用户成功登录","uid":"f96a46737bd8b5be","parentUid":"ae0157afb30c2399c97c8a13bcf147a1","status":"passed","time":{"start":1740307984360,"stop":1740307985908,"duration":1548},"flaky":false,"newFailed":false,"newPassed":false,"newBroken":false,"retriesCount":0,"retriesStatusChange":false,"parameters":["{'id': 1, 'feature': '登录', 'story': '登录成功', 'title': '用户成功登录', 'method': 'post', 'path': 'prod-api/client/login', 'headers': None, 'params': '{\"lang\":\"zh_CN\"}', 'data': None, 'json': '{\"username\":\"loongjjxs@qq.com\",\"password\":\"admin123\"}', 'files': None, 'check': '$.msg', 'expected': 'succeeds', 'sql_check': 'select user_name from sys_user where user_name=\"vanyaadar@gmail.com\"', 'sql_expected': 'vanyaadar@gmail.com', 'jsonExData': '{\"TOKEN\":\"$.token\"}', 'sqlExData': None, 'is_true': True, None: None}"],"tags":[]},{"name":"登录状态查询用户信息","uid":"9c66f4585a7baa19","parentUid":"ae0157afb30c2399c97c8a13bcf147a1","status":"passed","time":{"start":1740307985911,"stop":1740307987295,"duration":1384},"flaky":false,"newFailed":false,"newPassed":false,"newBroken":false,"retriesCount":0,"retriesStatusChange":false,"parameters":["{'id': 2, 'feature': '用户管理', 'story': '查询成功', 'title': '登录状态查询用户信息', 'method': 'get', 'path': 'prod-api/system/user/getUserInfo', 'headers': '{\"Authorization\":\"{{TOKEN}}\"}', 'params': '{\"lang\":\"zh_CN\"}', 'data': None, 'json': None, 'files': None, 'check': '$.msg', 'expected': 'succeeds', 'sql_check': None, 'sql_expected': None, 'jsonExData': None, 'sqlExData': None, 'is_true': True, None: None}"],"tags":[]},{"name":"查询用户余额","uid":"830922c71fa0fb59","parentUid":"ae0157afb30c2399c97c8a13bcf147a1","status":"passed","time":{"start":1740307987298,"stop":1740307988732,"duration":1434},"flaky":false,"newFailed":false,"newPassed":false,"newBroken":false,"retriesCount":0,"retriesStatusChange":false,"parameters":["{'id': 3, 'feature': '用户管理', 'story': '查询成功', 'title': '查询用户余额', 'method': 'get', 'path': 'prod-api/system/account/getUerAccountInfo', 'headers': '{\"Authorization\":\"{{TOKEN}}\"}', 'params': '{\"lang\":\"zh_CN\"}', 'data': None, 'json': None, 'files': None, 'check': '$.msg', 'expected': 'succeeds', 'sql_check': None, 'sql_expected': None, 'jsonExData': None, 'sqlExData': None, 'is_true': True, None: None}"],"tags":[]},{"name":"查询今日AI收益","uid":"66ade5ce3471e458","parentUid":"ae0157afb30c2399c97c8a13bcf147a1","status":"passed","time":{"start":1740307988735,"stop":1740307988960,"duration":225},"flaky":false,"newFailed":false,"newPassed":false,"newBroken":false,"retriesCount":0,"retriesStatusChange":false,"parameters":["{'id': 4, 'feature': 'AI收益', 'story': '查询成功', 'title': '查询今日AI收益', 'method': 'get', 'path': 'prod-api/system/aiuEarnMoney/getAiEarnMoneyInfo', 'headers': '{\"Authorization\":\"{{TOKEN}}\"}', 'params': '{\"lang\":\"zh_CN\"}', 'data': None, 'json': None, 'files': None, 'check': None, 'expected': 'totalEarnToday', 'sql_check': None, 'sql_expected': None, 'jsonExData': None, 'sqlExData': None, 'is_true': True, None: None}"],"tags":[]},{"name":"查询往期AI收益","uid":"53bb6cb883b4e04f","parentUid":"ae0157afb30c2399c97c8a13bcf147a1","status":"failed","time":{"start":1740307988963,"stop":1740307989146,"duration":183},"flaky":false,"newFailed":false,"newPassed":false,"newBroken":false,"retriesCount":0,"retriesStatusChange":false,"parameters":["{'id': 5, 'feature': 'AI收益', 'story': '查询成功', 'title': '查询往期AI收益', 'method': 'get', 'path': 'prod-api/system/aiuEarnMoney/getAiEarnMoneyList', 'headers': '{\"Authorization\":\"{{TOKEN}}\"}', 'params': '{\"lang\":\"zh_CN\"}', 'data': None, 'json': None, 'files': None, 'check': None, 'expected': '[]', 'sql_check': None, 'sql_expected': None, 'jsonExData': None, 'sqlExData': None, 'is_true': True, None: None}"],"tags":[]},{"name":"查询公告","uid":"cbaaa8e52e11af44","parentUid":"ae0157afb30c2399c97c8a13bcf147a1","status":"passed","time":{"start":1740307989232,"stop":1740307989497,"duration":265},"flaky":false,"newFailed":false,"newPassed":false,"newBroken":false,"retriesCount":0,"retriesStatusChange":false,"parameters":["{'id': 6, 'feature': '公告', 'story': '查询成功', 'title': '查询公告', 'method': 'get', 'path': 'prod-api/system/notice/getNoticeList', 'headers': '{\"Authorization\":\"{{TOKEN}}\"}', 'params': '{\"lang\":\"zh_CN\"}', 'data': None, 'json': None, 'files': None, 'check': '$.msg', 'expected': 'succeeds', 'sql_check': None, 'sql_expected': None, 'jsonExData': None, 'sqlExData': None, 'is_true': True, None: None}"],"tags":[]},{"name":"查询货币","uid":"36199bbdd7a010e9","parentUid":"ae0157afb30c2399c97c8a13bcf147a1","status":"passed","time":{"start":1740307989500,"stop":1740307989960,"duration":460},"flaky":false,"newFailed":false,"newPassed":false,"newBroken":false,"retriesCount":0,"retriesStatusChange":false,"parameters":["{'id': 7, 'feature': '用户管理', 'story': '查询成功', 'title': '查询货币', 'method': 'get', 'path': 'prod-api/system/aiurecharg/getTickersPrice', 'headers': '{\"Authorization\":\"{{TOKEN}}\"}', 'params': '{\"lang\":\"zh_CN\"}', 'data': None, 'json': None, 'files': None, 'check': None, 'expected': 'SOLUSDT', 'sql_check': None, 'sql_expected': None, 'jsonExData': None, 'sqlExData': None, 'is_true': True, None: None}"],"tags":[]},{"name":"查询套餐列表","uid":"3d51ed06aede94ed","parentUid":"ae0157afb30c2399c97c8a13bcf147a1","status":"passed","time":{"start":1740307989962,"stop":1740307990142,"duration":180},"flaky":false,"newFailed":false,"newPassed":false,"newBroken":false,"retriesCount":0,"retriesStatusChange":false,"parameters":["{'id': 8, 'feature': '用户管理', 'story': '查询成功', 'title': '查询套餐列表', 'method': 'get', 'path': 'prod-api/system/package/getAiuFullPackageList', 'headers': '{\"Authorization\":\"{{TOKEN}}\"}', 'params': '{\"lang\":\"zh_CN\"}', 'data': None, 'json': None, 'files': None, 'check': None, 'expected': '\"id\":3', 'sql_check': None, 'sql_expected': None, 'jsonExData': None, 'sqlExData': None, 'is_true': True, None: None}"],"tags":[]},{"name":"查询资产日志","uid":"185b66e2ef1d034a","parentUid":"ae0157afb30c2399c97c8a13bcf147a1","status":"passed","time":{"start":1740307990145,"stop":1740307993240,"duration":3095},"flaky":false,"newFailed":false,"newPassed":false,"newBroken":false,"retriesCount":0,"retriesStatusChange":false,"parameters":["{'id': 9, 'feature': '日志', 'story': '查询成功', 'title': '查询资产日志', 'method': 'get', 'path': 'prod-api/system/log/getAiuInvestmentLog', 'headers': '{\"Authorization\":\"{{TOKEN}}\"}', 'params': '{\"lang\":\"zh_CN\",\"pageSize\":\"30\",\"pageNum\":\"1\",\"reasonable\":\"false\"}', 'data': None, 'json': None, 'files': None, 'check': None, 'expected': 'logId', 'sql_check': None, 'sql_expected': None, 'jsonExData': None, 'sqlExData': None, 'is_true': True, None: None}"],"tags":[]},{"name":"查询理财日志","uid":"d2f2733f4a77041","parentUid":"ae0157afb30c2399c97c8a13bcf147a1","status":"passed","time":{"start":1740307993243,"stop":1740307996413,"duration":3170},"flaky":false,"newFailed":false,"newPassed":false,"newBroken":false,"retriesCount":0,"retriesStatusChange":false,"parameters":["{'id': 10, 'feature': '日志', 'story': '查询成功', 'title': '查询理财日志', 'method': 'get', 'path': 'prod-api/system/log/getAiuFinancingLog', 'headers': '{\"Authorization\":\"{{TOKEN}}\"}', 'params': '{\"lang\":\"zh_CN\",\"pageSize\":\"30\",\"pageNum\":\"1\",\"reasonable\":\"false\"}', 'data': None, 'json': None, 'files': None, 'check': None, 'expected': 'AIU', 'sql_check': None, 'sql_expected': None, 'jsonExData': None, 'sqlExData': None, 'is_true': True, None: None}"],"tags":[]},{"name":"获取Aiu投资日志","uid":"c0ea4f53662b09ab","parentUid":"ae0157afb30c2399c97c8a13bcf147a1","status":"passed","time":{"start":1740307996416,"stop":1740307999531,"duration":3115},"flaky":false,"newFailed":false,"newPassed":false,"newBroken":false,"retriesCount":0,"retriesStatusChange":false,"parameters":["{'id': 11, 'feature': '日志', 'story': '查询成功', 'title': '获取Aiu投资日志', 'method': 'get', 'path': 'prod-api/system/log/getAiuInvestmentLog', 'headers': '{\"Authorization\":\"{{TOKEN}}\"}', 'params': '{\"lang\":\"zh_CN\",\"pageSize\":\"30\",\"pageNum\":\"1\",\"reasonable\":\"false\"}', 'data': None, 'json': None, 'files': None, 'check': None, 'expected': 'userId', 'sql_check': None, 'sql_expected': None, 'jsonExData': None, 'sqlExData': None, 'is_true': True, None: None}"],"tags":[]},{"name":"查询账户收入","uid":"3e10ba14f754e3b","parentUid":"ae0157afb30c2399c97c8a13bcf147a1","status":"passed","time":{"start":1740307999534,"stop":1740308023449,"duration":23915},"flaky":false,"newFailed":false,"newPassed":false,"newBroken":false,"retriesCount":0,"retriesStatusChange":false,"parameters":["{'id': 13, 'feature': '用户管理', 'story': '查询成功', 'title': '查询账户收入', 'method': 'get', 'path': 'prod-api/system/account/getAccountIncome', 'headers': '{\"Authorization\":\"{{TOKEN}}\"}', 'params': '{\"lang\":\"zh_CN\"}', 'data': None, 'json': None, 'files': None, 'check': '$.msg', 'expected': 'succeeds', 'sql_check': None, 'sql_expected': None, 'jsonExData': None, 'sqlExData': None, 'is_true': True, None: None}"],"tags":[]},{"name":"查询用户账户信息","uid":"5b58b482cb555131","parentUid":"ae0157afb30c2399c97c8a13bcf147a1","status":"passed","time":{"start":1740308023452,"stop":1740308024745,"duration":1293},"flaky":false,"newFailed":false,"newPassed":false,"newBroken":false,"retriesCount":0,"retriesStatusChange":false,"parameters":["{'id': 14, 'feature': '用户管理', 'story': '查询成功', 'title': '查询用户账户信息', 'method': 'get', 'path': 'prod-api/system/account/getUerAccountInfo', 'headers': '{\"Authorization\":\"{{TOKEN}}\"}', 'params': '{\"lang\":\"zh_CN\"}', 'data': None, 'json': None, 'files': None, 'check': None, 'expected': 'aimmAccount', 'sql_check': None, 'sql_expected': None, 'jsonExData': None, 'sqlExData': None, 'is_true': True, None: None}"],"tags":[]},{"name":"每日回报","uid":"eebf47a943828222","parentUid":"ae0157afb30c2399c97c8a13bcf147a1","status":"passed","time":{"start":1740308024749,"stop":1740308026292,"duration":1543},"flaky":false,"newFailed":false,"newPassed":false,"newBroken":false,"retriesCount":0,"retriesStatusChange":false,"parameters":["{'id': 15, 'feature': '用户管理', 'story': '查询成功', 'title': '每日回报', 'method': 'get', 'path': 'prod-api/system/account/getAccountAmountDetail', 'headers': '{\"Authorization\":\"{{TOKEN}}\"}', 'params': '{\"lang\":\"zh_CN\",\"logType\":\"60\"}', 'data': None, 'json': None, 'files': None, 'check': '$.code', 'expected': 200, 'sql_check': None, 'sql_expected': None, 'jsonExData': None, 'sqlExData': None, 'is_true': True, None: None}"],"tags":[]},{"name":"社区奖励","uid":"2fa7674a6867ad91","parentUid":"ae0157afb30c2399c97c8a13bcf147a1","status":"passed","time":{"start":1740308026295,"stop":1740308027950,"duration":1655},"flaky":false,"newFailed":false,"newPassed":false,"newBroken":false,"retriesCount":0,"retriesStatusChange":false,"parameters":["{'id': 16, 'feature': '用户管理', 'story': '查询成功', 'title': '社区奖励', 'method': 'get', 'path': 'prod-api/system/account/getAccountAmountDetail', 'headers': '{\"Authorization\":\"{{TOKEN}}\"}', 'params': '{\"lang\":\"zh_CN\",\"logType\":\"61\"}', 'data': None, 'json': None, 'files': None, 'check': '$.code', 'expected': 200, 'sql_check': None, 'sql_expected': None, 'jsonExData': None, 'sqlExData': None, 'is_true': True, None: None}"],"tags":[]},{"name":"领导奖励","uid":"108ffaadeab92932","parentUid":"ae0157afb30c2399c97c8a13bcf147a1","status":"passed","time":{"start":1740308027953,"stop":1740308029591,"duration":1638},"flaky":false,"newFailed":false,"newPassed":false,"newBroken":false,"retriesCount":0,"retriesStatusChange":false,"parameters":["{'id': 17, 'feature': '用户管理', 'story': '查询成功', 'title': '领导奖励', 'method': 'get', 'path': 'prod-api/system/account/getAccountAmountDetail', 'headers': '{\"Authorization\":\"{{TOKEN}}\"}', 'params': '{\"lang\":\"zh_CN\",\"logType\":\"62\"}', 'data': None, 'json': None, 'files': None, 'check': '$.code', 'expected': 200, 'sql_check': None, 'sql_expected': None, 'jsonExData': None, 'sqlExData': None, 'is_true': True, None: None}"],"tags":[]},{"name":"培养奖励","uid":"b9f5407a1f72a1ff","parentUid":"ae0157afb30c2399c97c8a13bcf147a1","status":"passed","time":{"start":1740308029594,"stop":1740308031241,"duration":1647},"flaky":false,"newFailed":false,"newPassed":false,"newBroken":false,"retriesCount":0,"retriesStatusChange":false,"parameters":["{'id': 18, 'feature': '用户管理', 'story': '查询成功', 'title': '培养奖励', 'method': 'get', 'path': 'prod-api/system/account/getAccountAmountDetail', 'headers': '{\"Authorization\":\"{{TOKEN}}\"}', 'params': '{\"lang\":\"zh_CN\",\"logType\":\"63\"}', 'data': None, 'json': None, 'files': None, 'check': '$.code', 'expected': 200, 'sql_check': None, 'sql_expected': None, 'jsonExData': None, 'sqlExData': None, 'is_true': True, None: None}"],"tags":[]},{"name":"节点奖励","uid":"38dc4e0c62cb5642","parentUid":"ae0157afb30c2399c97c8a13bcf147a1","status":"passed","time":{"start":1740308031244,"stop":1740308031535,"duration":291},"flaky":false,"newFailed":false,"newPassed":false,"newBroken":false,"retriesCount":0,"retriesStatusChange":false,"parameters":["{'id': 19, 'feature': '用户管理', 'story': '查询成功', 'title': '节点奖励', 'method': 'get', 'path': 'prod-api/system/account/getAccountAmountDetail', 'headers': '{\"Authorization\":\"{{TOKEN}}\"}', 'params': '{\"lang\":\"zh_CN\",\"logType\":\"74\"}', 'data': None, 'json': None, 'files': None, 'check': '$.code', 'expected': 200, 'sql_check': None, 'sql_expected': None, 'jsonExData': None, 'sqlExData': None, 'is_true': True, None: None}"],"tags":[]},{"name":"直推奖励","uid":"54c299c457632e18","parentUid":"ae0157afb30c2399c97c8a13bcf147a1","status":"passed","time":{"start":1740308031538,"stop":1740308031946,"duration":408},"flaky":false,"newFailed":false,"newPassed":false,"newBroken":false,"retriesCount":0,"retriesStatusChange":false,"parameters":["{'id': 20, 'feature': '用户管理', 'story': '查询成功', 'title': '直推奖励', 'method': 'get', 'path': 'prod-api/system/account/getAccountAmountDetail', 'headers': '{\"Authorization\":\"{{TOKEN}}\"}', 'params': '{\"lang\":\"zh_CN\",\"logType\":\"68\"}', 'data': None, 'json': None, 'files': None, 'check': '$.code', 'expected': 200, 'sql_check': None, 'sql_expected': None, 'jsonExData': None, 'sqlExData': None, 'is_true': True, None: None}"],"tags":[]},{"name":"间推奖励","uid":"b33df18492fbbe18","parentUid":"ae0157afb30c2399c97c8a13bcf147a1","status":"passed","time":{"start":1740308031948,"stop":1740308032193,"duration":245},"flaky":false,"newFailed":false,"newPassed":false,"newBroken":false,"retriesCount":0,"retriesStatusChange":false,"parameters":["{'id': 21, 'feature': '用户管理', 'story': '查询成功', 'title': '间推奖励', 'method': 'get', 'path': 'prod-api/system/account/getAccountAmountDetail', 'headers': '{\"Authorization\":\"{{TOKEN}}\"}', 'params': '{\"lang\":\"zh_CN\",\"logType\":\"69\"}', 'data': None, 'json': None, 'files': None, 'check': '$.code', 'expected': 200, 'sql_check': None, 'sql_expected': None, 'jsonExData': None, 'sqlExData': None, 'is_true': True, None: None}"],"tags":[]},{"name":"查询待处理余额","uid":"f29f4da6bc89170e","parentUid":"ae0157afb30c2399c97c8a13bcf147a1","status":"passed","time":{"start":1740308032196,"stop":1740308032386,"duration":190},"flaky":false,"newFailed":false,"newPassed":false,"newBroken":false,"retriesCount":0,"retriesStatusChange":false,"parameters":["{'id': 22, 'feature': '资金管理', 'story': '查询成功', 'title': '查询待处理余额', 'method': 'get', 'path': 'prod-api/system/account/getAccountRewardAmount', 'headers': '{\"Authorization\":\"{{TOKEN}}\"}', 'params': '{\"lang\":\"zh_CN\"}', 'data': None, 'json': None, 'files': None, 'check': '$.msg', 'expected': 'succeeds', 'sql_check': None, 'sql_expected': None, 'jsonExData': None, 'sqlExData': None, 'is_true': True, None: None}"],"tags":[]},{"name":"获取账户金额类型列表","uid":"d88932e2b15eaf05","parentUid":"ae0157afb30c2399c97c8a13bcf147a1","status":"passed","time":{"start":1740308032389,"stop":1740308035690,"duration":3301},"flaky":false,"newFailed":false,"newPassed":false,"newBroken":false,"retriesCount":0,"retriesStatusChange":false,"parameters":["{'id': 23, 'feature': '资金管理', 'story': '查询成功', 'title': '获取账户金额类型列表', 'method': 'get', 'path': 'prod-api/system/account/getAccountAmountTypeList', 'headers': '{\"Authorization\":\"{{TOKEN}}\"}', 'params': '{\"lang\":\"zh_CN\"}', 'data': None, 'json': None, 'files': None, 'check': '$.msg', 'expected': 'succeeds', 'sql_check': None, 'sql_expected': None, 'jsonExData': None, 'sqlExData': None, 'is_true': True, None: None}"],"tags":[]},{"name":"查询本人业绩和下级业绩","uid":"6fa23a71789a869","parentUid":"ae0157afb30c2399c97c8a13bcf147a1","status":"broken","time":{"start":1740308035693,"stop":1740308035696,"duration":3},"flaky":false,"newFailed":false,"newPassed":false,"newBroken":false,"retriesCount":0,"retriesStatusChange":false,"parameters":["{'id': 24, 'feature': '_x0010__x0010_用户管理', 'story': '查询成功', 'title': '查询本人业绩和下级业绩', 'method': 'get', 'path': 'prod-api/system/account/app/recommend/list', 'headers': '{\"Authorization\":\"{{TOKEN}}\"}', 'params': '{\"lang\":\"zh_CN\",\"searchKey=\"}', 'data': None, 'json': None, 'files': None, 'check': None, 'expected': None, 'sql_check': None, 'sql_expected': None, 'jsonExData': None, 'sqlExData': None, 'is_true': True, None: None}"],"tags":[]},{"name":"AIUX兑换AIU正常输入","uid":"36b4fe278036908e","parentUid":"ae0157afb30c2399c97c8a13bcf147a1","status":"failed","time":{"start":1740308035703,"stop":1740308037091,"duration":1388},"flaky":false,"newFailed":false,"newPassed":false,"newBroken":false,"retriesCount":0,"retriesStatusChange":false,"parameters":["{'id': 25, 'feature': '资金管理', 'story': '兑换成功', 'title': 'AIUX兑换AIU正常输入', 'method': 'post', 'path': 'prod-api/system/fundsOper/exchange', 'headers': '{\"Authorization\":\"{{TOKEN}}\"}', 'params': '{\"lang\":\"zh_CN\"}', 'data': None, 'json': '{\"exchangeAmount\":\"100\"}', 'files': None, 'check': '$.msg', 'expected': 'succeeds', 'sql_check': None, 'sql_expected': None, 'jsonExData': None, 'sqlExData': None, 'is_true': True, None: None}"],"tags":[]},{"name":"AIUX兑换AIU输入中文","uid":"742e327f35a3f49e","parentUid":"ae0157afb30c2399c97c8a13bcf147a1","status":"broken","time":{"start":1740308037098,"stop":1740308037351,"duration":253},"flaky":false,"newFailed":false,"newPassed":false,"newBroken":false,"retriesCount":0,"retriesStatusChange":false,"parameters":["{'id': 26, 'feature': '资金管理', 'story': '兑换失败', 'title': 'AIUX兑换AIU输入中文', 'method': 'post', 'path': 'prod-api/system/fundsOper/exchange', 'headers': '{\"Authorization\":\"{{TOKEN}}\"}', 'params': '{\"lang\":\"zh_CN\"}', 'data': None, 'json': '{\"exchangeAmount\":\"测试\"}', 'files': None, 'check': None, 'expected': None, 'sql_check': None, 'sql_expected': None, 'jsonExData': None, 'sqlExData': None, 'is_true': True, None: None}"],"tags":[]},{"name":"AIUX兑换AIU输入负数","uid":"e2d5f55e8811beb7","parentUid":"ae0157afb30c2399c97c8a13bcf147a1","status":"broken","time":{"start":1740308037358,"stop":1740308038704,"duration":1346},"flaky":false,"newFailed":false,"newPassed":false,"newBroken":false,"retriesCount":0,"retriesStatusChange":false,"parameters":["{'id': 27, 'feature': '资金管理', 'story': '兑换失败', 'title': 'AIUX兑换AIU输入负数', 'method': 'post', 'path': 'prod-api/system/fundsOper/exchange', 'headers': '{\"Authorization\":\"{{TOKEN}}\"}', 'params': '{\"lang\":\"zh_CN\"}', 'data': None, 'json': '{\"exchangeAmount\":\"-100\"}', 'files': None, 'check': None, 'expected': None, 'sql_check': None, 'sql_expected': None, 'jsonExData': None, 'sqlExData': None, 'is_true': True, None: None}"],"tags":[]},{"name":"AIU上级转账下级","uid":"f16c1db9fd0e78d4","parentUid":"ae0157afb30c2399c97c8a13bcf147a1","status":"passed","time":{"start":1740308038711,"stop":1740308041303,"duration":2592},"flaky":false,"newFailed":false,"newPassed":false,"newBroken":false,"retriesCount":0,"retriesStatusChange":false,"parameters":["{'id': 28, 'feature': '资金管理', 'story': '转账成功', 'title': 'AIU上级转账下级', 'method': 'post', 'path': 'prod-api/system/fundsOper/transfer', 'headers': '{\"Authorization\":\"{{TOKEN}}\"}', 'params': '{\"lang\":\"zh_CN\"}', 'data': None, 'json': '{\"coinType\":\"AIU\",\"myEmail\":\"loongjjxs@qq.com\",\"email\":\"loong@qq.com\",\"validateCode\":\"tU.llmBfMv;YJRVi!&pd7TDyh8bYEU=T\",\"transferAmount\":\"100\",\"googleCode\":\"\"}', 'files': None, 'check': '$.msg', 'expected': 'succeeds', 'sql_check': None, 'sql_expected': None, 'jsonExData': None, 'sqlExData': None, 'is_true': True, None: None}"],"tags":[]},{"name":"AIU下级转上级","uid":"2f4b503ada56e9f4","parentUid":"ae0157afb30c2399c97c8a13bcf147a1","status":"failed","time":{"start":1740308041305,"stop":1740308041473,"duration":168},"flaky":false,"newFailed":false,"newPassed":false,"newBroken":false,"retriesCount":0,"retriesStatusChange":false,"parameters":["{'id': 29, 'feature': '资金管理', 'story': '转账成功', 'title': 'AIU下级转上级', 'method': 'post', 'path': 'prod-api/system/fundsOper/transfer', 'headers': '{\"Authorization\":\"{{TOKEN}}\"}', 'params': '{\"lang\":\"zh_CN\"}', 'data': None, 'json': '{\"coinType\":\"AIU\",\"myEmail\":\"loong@qq.com\",\"email\":\"loongjjxs@qq.com\",\"validateCode\":\"tU.llmBfMv;YJRVi!&pd7TDyh8bYEU=T\",\"transferAmount\":\"100\",\"googleCode\":\"\"}', 'files': None, 'check': '$.msg', 'expected': 'succeeds', 'sql_check': None, 'sql_expected': None, 'jsonExData': None, 'sqlExData': None, 'is_true': True, None: None}"],"tags":[]},{"name":"AIU无上下级关系","uid":"bfc9e3422532add1","parentUid":"ae0157afb30c2399c97c8a13bcf147a1","status":"passed","time":{"start":1740308041479,"stop":1740308044030,"duration":2551},"flaky":false,"newFailed":false,"newPassed":false,"newBroken":false,"retriesCount":0,"retriesStatusChange":false,"parameters":["{'id': 30, 'feature': '资金管理', 'story': '转账失败', 'title': 'AIU无上下级关系', 'method': 'post', 'path': 'prod-api/system/fundsOper/transfer', 'headers': '{\"Authorization\":\"{{TOKEN}}\"}', 'params': '{\"lang\":\"zh_CN\"}', 'data': None, 'json': '{\"coinType\":\"AIU\",\"myEmail\":\"loongjjxs@qq.com\",\"email\":\"18779082568@163.com\",\"validateCode\":\"tU.llmBfMv;YJRVi!&pd7TDyh8bYEU=T\",\"transferAmount\":\"100\",\"googleCode\":\"\"}', 'files': None, 'check': '$.msg', 'expected': '不滿足上下級關係', 'sql_check': None, 'sql_expected': None, 'jsonExData': None, 'sqlExData': None, 'is_true': True, None: None}"],"tags":[]},{"name":"AIU上级转账下级输入负数","uid":"c33c4fa1d2689e09","parentUid":"ae0157afb30c2399c97c8a13bcf147a1","status":"passed","time":{"start":1740308044033,"stop":1740308044438,"duration":405},"flaky":false,"newFailed":false,"newPassed":false,"newBroken":false,"retriesCount":0,"retriesStatusChange":false,"parameters":["{'id': 31, 'feature': '资金管理', 'story': '转账失败', 'title': 'AIU上级转账下级输入负数', 'method': 'post', 'path': 'prod-api/system/fundsOper/transfer', 'headers': '{\"Authorization\":\"{{TOKEN}}\"}', 'params': '{\"lang\":\"zh_CN\"}', 'data': None, 'json': '{\"coinType\":\"AIU\",\"myEmail\":\"loongjjxs@qq.com\",\"email\":\"loong@qq.com\",\"validateCode\":\"tU.llmBfMv;YJRVi!&pd7TDyh8bYEU=T\",\"transferAmount\":\"-100\",\"googleCode\":\"\"}', 'files': None, 'check': '$.msg', 'expected': '转账金额非法', 'sql_check': None, 'sql_expected': None, 'jsonExData': None, 'sqlExData': None, 'is_true': True, None: None}"],"tags":[]},{"name":"AIU上级转账下级输入特殊字符","uid":"8c3e2e71f3354138","parentUid":"ae0157afb30c2399c97c8a13bcf147a1","status":"failed","time":{"start":1740308044441,"stop":1740308044633,"duration":192},"flaky":false,"newFailed":false,"newPassed":false,"newBroken":false,"retriesCount":0,"retriesStatusChange":false,"parameters":["{'id': 32, 'feature': '资金管理', 'story': '转账失败', 'title': 'AIU上级转账下级输入特殊字符', 'method': 'post', 'path': 'prod-api/system/fundsOper/transfer', 'headers': '{\"Authorization\":\"{{TOKEN}}\"}', 'params': '{\"lang\":\"zh_CN\"}', 'data': None, 'json': '{\"coinType\":\"AIU\",\"myEmail\":\"loongjjxs@qq.com\",\"email\":\"loong@qq.com\",\"validateCode\":\"tU.llmBfMv;YJRVi!&pd7TDyh8bYEU=T\",\"transferAmount\":\"10sd\",\"googleCode\":\"\"}', 'files': None, 'check': '$.msg', 'expected': '转账金额非法', 'sql_check': None, 'sql_expected': None, 'jsonExData': None, 'sqlExData': None, 'is_true': True, None: None}"],"tags":[]},{"name":"提现50U","uid":"37c9d4ade15d72ea","parentUid":"ae0157afb30c2399c97c8a13bcf147a1","status":"failed","time":{"start":1740308044639,"stop":1740308045942,"duration":1303},"flaky":false,"newFailed":false,"newPassed":false,"newBroken":false,"retriesCount":0,"retriesStatusChange":false,"parameters":["{'id': 33, 'feature': '资金管理', 'story': '提现成功', 'title': '提现50U', 'method': 'post', 'path': 'prod-api/system/aiurecharg/transfer', 'headers': '{\"Authorization\":\"{{TOKEN}}\"}', 'params': '{\"lang\":\"zh_CN\"}', 'data': None, 'json': '{\"address\":\"123456\",\"amount\":\"50\",\"coin\": \"bnb_bsc\",\"googleCode\": 0,\"userId\": \"84449\"}', 'files': None, 'check': '$.msg', 'expected': 'succeeds', 'sql_check': None, 'sql_expected': None, 'jsonExData': None, 'sqlExData': None, 'is_true': True, None: None}"],"tags":[]},{"name":"提现小于50U","uid":"fff774057a509171","parentUid":"ae0157afb30c2399c97c8a13bcf147a1","status":"passed","time":{"start":1740308045949,"stop":1740308046155,"duration":206},"flaky":false,"newFailed":false,"newPassed":false,"newBroken":false,"retriesCount":0,"retriesStatusChange":false,"parameters":["{'id': 34, 'feature': '资金管理', 'story': '提现失败', 'title': '提现小于50U', 'method': 'post', 'path': 'prod-api/system/aiurecharg/transfer', 'headers': '{\"Authorization\":\"{{TOKEN}}\"}', 'params': '{\"lang\":\"zh_CN\"}', 'data': None, 'json': '{\"address\":\"123456\",\"amount\":\"49\",\"coin\": \"bnb_bsc\",\"googleCode\": 0,\"userId\": \"84449\"}', 'files': None, 'check': '$.msg', 'expected': '提现金额必须大于50', 'sql_check': None, 'sql_expected': None, 'jsonExData': None, 'sqlExData': None, 'is_true': True, None: None}"],"tags":[]},{"name":"提现负数","uid":"f77dafe7da751c16","parentUid":"ae0157afb30c2399c97c8a13bcf147a1","status":"passed","time":{"start":1740308046158,"stop":1740308046343,"duration":185},"flaky":false,"newFailed":false,"newPassed":false,"newBroken":false,"retriesCount":0,"retriesStatusChange":false,"parameters":["{'id': 35, 'feature': '资金管理', 'story': '提现失败', 'title': '提现负数', 'method': 'post', 'path': 'prod-api/system/aiurecharg/transfer', 'headers': '{\"Authorization\":\"{{TOKEN}}\"}', 'params': '{\"lang\":\"zh_CN\"}', 'data': None, 'json': '{\"address\":\"123456\",\"amount\":\"-50\",\"coin\": \"bnb_bsc\",\"googleCode\": 0,\"userId\": \"84449\"}', 'files': None, 'check': '$.msg', 'expected': '提现金额必须大于50', 'sql_check': None, 'sql_expected': None, 'jsonExData': None, 'sqlExData': None, 'is_true': True, None: None}"],"tags":[]},{"name":"提现大于余额","uid":"542ebdc14e8b68df","parentUid":"ae0157afb30c2399c97c8a13bcf147a1","status":"passed","time":{"start":1740308046347,"stop":1740308047645,"duration":1298},"flaky":false,"newFailed":false,"newPassed":false,"newBroken":false,"retriesCount":0,"retriesStatusChange":false,"parameters":["{'id': 36, 'feature': '资金管理', 'story': '提现失败', 'title': '提现大于余额', 'method': 'post', 'path': 'prod-api/system/aiurecharg/transfer', 'headers': '{\"Authorization\":\"{{TOKEN}}\"}', 'params': '{\"lang\":\"zh_CN\"}', 'data': None, 'json': '{\"address\":\"123456\",\"amount\":\"1000\",\"coin\": \"bnb_bsc\",\"googleCode\": 0,\"userId\": \"84449\"}', 'files': None, 'check': '$.msg', 'expected': '账户余额不足', 'sql_check': None, 'sql_expected': None, 'jsonExData': None, 'sqlExData': None, 'is_true': True, None: None}"],"tags":[]},{"name":"提现输入特殊符号","uid":"2fe57bf75b90125d","parentUid":"ae0157afb30c2399c97c8a13bcf147a1","status":"failed","time":{"start":1740308047648,"stop":1740308047919,"duration":271},"flaky":false,"newFailed":false,"newPassed":false,"newBroken":false,"retriesCount":0,"retriesStatusChange":false,"parameters":["{'id': 37, 'feature': '资金管理', 'story': '提现失败', 'title': '提现输入特殊符号', 'method': 'post', 'path': 'prod-api/system/aiurecharg/transfer', 'headers': '{\"Authorization\":\"{{TOKEN}}\"}', 'params': '{\"lang\":\"zh_CN\"}', 'data': None, 'json': '{\"address\":\"123456\",\"amount\":\"100%%-\",\"coin\": \"bnb_bsc\",\"googleCode\": 0,\"userId\": \"84449\"}', 'files': None, 'check': '$.msg', 'expected': '请输入正数', 'sql_check': None, 'sql_expected': None, 'jsonExData': None, 'sqlExData': None, 'is_true': True, None: None}"],"tags":[]},{"name":"下单300套餐","uid":"9c27a28d87937910","parentUid":"ae0157afb30c2399c97c8a13bcf147a1","status":"broken","time":{"start":1740308047925,"stop":1740308047927,"duration":2},"flaky":false,"newFailed":false,"newPassed":false,"newBroken":false,"retriesCount":0,"retriesStatusChange":false,"parameters":["{'id': 38, 'feature': '套餐管理', 'story': '下单成功', 'title': '下单300套餐', 'method': 'post', 'path': 'prod-api/system/order/place', 'headers': '{\"Authorization\":\"{{TOKEN}}\"}', 'params': '{\"lang\":\"zh_CN\"}', 'data': None, 'json': '{\"aisPay\":false,\"aiuPay\":false,\"packageId\":2,\"rechargeAmount\":300,\\n\"couponRecordIds\":[]}', 'files': None, 'check': None, 'expected': 'orderId', 'sql_check': None, 'sql_expected': None, 'jsonExData': None, 'sqlExData': None, 'is_true': True, None: None}"],"tags":[]}],"uid":"testcase.test_runner"}]}