{"total":8,"items":[{"uid":"2463623e31da1bb1ded1ba9dedcce3ab","name":"资金管理","statistic":{"failed":5,"broken":1,"skipped":0,"passed":1,"unknown":0,"total":7}},{"uid":"aca2f7ccade199daf4089eeea241127a","name":"AI收益","statistic":{"failed":1,"broken":0,"skipped":0,"passed":0,"unknown":0,"total":1}},{"uid":"8d51abda45261c87cea6707c15a11a90","name":"_x0010__x0010_用户管理","statistic":{"failed":0,"broken":1,"skipped":0,"passed":0,"unknown":0,"total":1}},{"uid":"e658665927396e932860f6aaa2c32da1","name":"套餐管理","statistic":{"failed":0,"broken":1,"skipped":0,"passed":0,"unknown":0,"total":1}},{"uid":"6e12e06fb17fec92464fd1fd24bca881","name":"登录","statistic":{"failed":0,"broken":0,"skipped":0,"passed":1,"unknown":0,"total":1}},{"uid":"b6ede8d5c1aa4a4ca6cf55e2515f1b55","name":"用户管理","statistic":{"failed":0,"broken":0,"skipped":0,"passed":1,"unknown":0,"total":1}},{"uid":"7c528dbef96daae3e2ec3b56bb3b561a","name":"公告","statistic":{"failed":0,"broken":0,"skipped":0,"passed":1,"unknown":0,"total":1}},{"uid":"2deac6caf02ec659c164e2349e7cb0e3","name":"日志","statistic":{"failed":0,"broken":0,"skipped":0,"passed":1,"unknown":0,"total":1}}]}