[{"uid":"fff774057a509171","name":"提现小于50U","time":{"start":1740308045949,"stop":1740308046155,"duration":206},"status":"passed","severity":"normal"},{"uid":"9c66f4585a7baa19","name":"登录状态查询用户信息","time":{"start":1740307985911,"stop":1740307987295,"duration":1384},"status":"passed","severity":"normal"},{"uid":"d88932e2b15eaf05","name":"获取账户金额类型列表","time":{"start":1740308032389,"stop":1740308035690,"duration":3301},"status":"passed","severity":"normal"},{"uid":"b9f5407a1f72a1ff","name":"培养奖励","time":{"start":1740308029594,"stop":1740308031241,"duration":1647},"status":"passed","severity":"normal"},{"uid":"36b4fe278036908e","name":"AIUX兑换AIU正常输入","time":{"start":1740308035703,"stop":1740308037091,"duration":1388},"status":"failed","severity":"normal"},{"uid":"742e327f35a3f49e","name":"AIUX兑换AIU输入中文","time":{"start":1740308037098,"stop":1740308037351,"duration":253},"status":"broken","severity":"normal"},{"uid":"3e10ba14f754e3b","name":"查询账户收入","time":{"start":1740307999534,"stop":1740308023449,"duration":23915},"status":"passed","severity":"normal"},{"uid":"bfc9e3422532add1","name":"AIU无上下级关系","time":{"start":1740308041479,"stop":1740308044030,"duration":2551},"status":"passed","severity":"normal"},{"uid":"8c3e2e71f3354138","name":"AIU上级转账下级输入特殊字符","time":{"start":1740308044441,"stop":1740308044633,"duration":192},"status":"failed","severity":"normal"},{"uid":"2f4b503ada56e9f4","name":"AIU下级转上级","time":{"start":1740308041305,"stop":1740308041473,"duration":168},"status":"failed","severity":"normal"},{"uid":"53bb6cb883b4e04f","name":"查询往期AI收益","time":{"start":1740307988963,"stop":1740307989146,"duration":183},"status":"failed","severity":"normal"},{"uid":"36199bbdd7a010e9","name":"查询货币","time":{"start":1740307989500,"stop":1740307989960,"duration":460},"status":"passed","severity":"normal"},{"uid":"b33df18492fbbe18","name":"间推奖励","time":{"start":1740308031948,"stop":1740308032193,"duration":245},"status":"passed","severity":"normal"},{"uid":"542ebdc14e8b68df","name":"提现大于余额","time":{"start":1740308046347,"stop":1740308047645,"duration":1298},"status":"passed","severity":"normal"},{"uid":"108ffaadeab92932","name":"领导奖励","time":{"start":1740308027953,"stop":1740308029591,"duration":1638},"status":"passed","severity":"normal"},{"uid":"830922c71fa0fb59","name":"查询用户余额","time":{"start":1740307987298,"stop":1740307988732,"duration":1434},"status":"passed","severity":"normal"},{"uid":"d2f2733f4a77041","name":"查询理财日志","time":{"start":1740307993243,"stop":1740307996413,"duration":3170},"status":"passed","severity":"normal"},{"uid":"c0ea4f53662b09ab","name":"获取Aiu投资日志","time":{"start":1740307996416,"stop":1740307999531,"duration":3115},"status":"passed","severity":"normal"},{"uid":"66ade5ce3471e458","name":"查询今日AI收益","time":{"start":1740307988735,"stop":1740307988960,"duration":225},"status":"passed","severity":"normal"},{"uid":"eebf47a943828222","name":"每日回报","time":{"start":1740308024749,"stop":1740308026292,"duration":1543},"status":"passed","severity":"normal"},{"uid":"6fa23a71789a869","name":"查询本人业绩和下级业绩","time":{"start":1740308035693,"stop":1740308035696,"duration":3},"status":"broken","severity":"normal"},{"uid":"f96a46737bd8b5be","name":"用户成功登录","time":{"start":1740307984360,"stop":1740307985908,"duration":1548},"status":"passed","severity":"normal"},{"uid":"c33c4fa1d2689e09","name":"AIU上级转账下级输入负数","time":{"start":1740308044033,"stop":1740308044438,"duration":405},"status":"passed","severity":"normal"},{"uid":"f77dafe7da751c16","name":"提现负数","time":{"start":1740308046158,"stop":1740308046343,"duration":185},"status":"passed","severity":"normal"},{"uid":"2fa7674a6867ad91","name":"社区奖励","time":{"start":1740308026295,"stop":1740308027950,"duration":1655},"status":"passed","severity":"normal"},{"uid":"e2d5f55e8811beb7","name":"AIUX兑换AIU输入负数","time":{"start":1740308037358,"stop":1740308038704,"duration":1346},"status":"broken","severity":"normal"},{"uid":"cbaaa8e52e11af44","name":"查询公告","time":{"start":1740307989232,"stop":1740307989497,"duration":265},"status":"passed","severity":"normal"},{"uid":"37c9d4ade15d72ea","name":"提现50U","time":{"start":1740308044639,"stop":1740308045942,"duration":1303},"status":"failed","severity":"normal"},{"uid":"f16c1db9fd0e78d4","name":"AIU上级转账下级","time":{"start":1740308038711,"stop":1740308041303,"duration":2592},"status":"passed","severity":"normal"},{"uid":"54c299c457632e18","name":"直推奖励","time":{"start":1740308031538,"stop":1740308031946,"duration":408},"status":"passed","severity":"normal"},{"uid":"2fe57bf75b90125d","name":"提现输入特殊符号","time":{"start":1740308047648,"stop":1740308047919,"duration":271},"status":"failed","severity":"normal"},{"uid":"38dc4e0c62cb5642","name":"节点奖励","time":{"start":1740308031244,"stop":1740308031535,"duration":291},"status":"passed","severity":"normal"},{"uid":"9c27a28d87937910","name":"下单300套餐","time":{"start":1740308047925,"stop":1740308047927,"duration":2},"status":"broken","severity":"normal"},{"uid":"f29f4da6bc89170e","name":"查询待处理余额","time":{"start":1740308032196,"stop":1740308032386,"duration":190},"status":"passed","severity":"normal"},{"uid":"3d51ed06aede94ed","name":"查询套餐列表","time":{"start":1740307989962,"stop":1740307990142,"duration":180},"status":"passed","severity":"normal"},{"uid":"5b58b482cb555131","name":"查询用户账户信息","time":{"start":1740308023452,"stop":1740308024745,"duration":1293},"status":"passed","severity":"normal"},{"uid":"185b66e2ef1d034a","name":"查询资产日志","time":{"start":1740307990145,"stop":1740307993240,"duration":3095},"status":"passed","severity":"normal"}]